name,datetime,location,All Day,description,category
APDA Tournament Hosted by University of Virginia,2025-04-18 15:00:00,University of Virginia,False,Come together for a lively gathering filled with great conversations and memorable moments.,social
HOF Hacks - 24 hour hackathon with Vercel & Figma,2025-04-18 16:30:00,HOF Capital NYC HQ,False,Dive into hands-on learning and explore new ideas with expert guidance.,workshops
Volunteer at Tompkins Distro w/ CAS ISC,2025-04-19 09:00:00,Tompkins Square Park,False,Push your limits and create groundbreaking projects during this intense hackathon.,hackathons
Peer Tutoring,2025-04-19 11:00:00,CycleBar Noho,False,Make new friends and enjoy a relaxed atmosphere at this exciting event.,social
E Board Gathering Meeting,2025-04-19 11:00:00,Online,False,"Join us for an event full of laughs, stories, and great company.",social
CCNY x NYU AIChE: Central Park Picnic,2025-04-19 11:00:00,Central Park,False,"Join us for an event full of laughs, stories, and great company.",social
JCA Sakura Undoukai,2025-04-19 11:00:00,Central Park - East Pinetum,False,Participate in an immersive experience designed to enhance your knowledge and skills.,workshops
The Gaming Collective @NYU,2025-04-19 11:00:00,Pelham Bay Park,False,Discover tools and techniques to elevate your craft in a collaborative space.,workshops
Society for Women in Sports - All-University MTG Club Weekly Meeting,2025-04-19 11:00:00,6 Metrotech Room 304,False,Make new friends and enjoy a relaxed atmosphere at this exciting event.,social
Herps and Birds at Pelham Bay Park,2025-04-19 11:00:00,Pelham Bay Park,False,"Be part of a special event that fosters learning, growth, and community.",lectures
Taiwanese Student Association - All-University CPC with Rebecca Feldman,2025-04-19 11:00:00,Online,False,"Build, break, and innovate with fellow tech enthusiasts in an energetic setting.",hackathons
Volunteer Earth Day Picnic,2025-04-19 12:00:00,Sasaki Garden in Washington Square Village,False,Make new friends and enjoy a relaxed atmosphere at this exciting event.,social
The New York Botanic Garden Trip,2025-04-19 12:00:00,New York Botanical Garden,False,Come together for a lively gathering filled with great conversations and memorable moments.,social
Papotons en français!,2025-04-19 12:30:00,Washington Square Campus,False,Take part in a gathering where ideas bloom and people connect meaningfully.,lectures
Generasian Blog Bonding Meeting,2025-04-19 13:00:00,Washington Square Park,False,Make new friends and enjoy a relaxed atmosphere at this exciting event.,social
Collaborative Service name: Washington Square Park Clean Up With SIA & LUL,2025-04-19 13:00:00,Washington Square Park,False,Join an inspiring session that blends collaboration with purpose.,tech
Mindfulness-Based Vinyasa Yoga with Hunt Parr,2025-04-19 13:00:00,"238 Thompson Street (GCASL), Room 461",False,"Be part of a special event that fosters learning, growth, and community.",lectures
Club Anime's Coscafe 2025,2025-04-19 13:00:00,Eisner & Lubin Auditorium,False,Unwind and connect with peers in a friendly and laid-back environment.,social
Weekly Ballet Class,2025-04-19 14:00:00,Kimmel 606,False,Sharpen your abilities and learn from seasoned professionals in this dynamic workshop.,workshops
PsiU Chopped 2024,2025-04-19 14:00:00,Stern KMC,False,Work alongside brilliant minds to turn concepts into real-world tech solutions.,hackathons
CYC Professional Development name,2025-04-19 15:00:00,GCASL 365,False,Expand your network while enjoying engaging activities and social energy.,social
Ethics Workshop Series,2025-04-19 16:00:00,Washington Square Campus,False,Expand your network while enjoying engaging activities and social energy.,social
On Va Faire Comment? Sunset Soirée,2025-04-19 16:00:00,Kimmel Center for University Life,False,Expand your network while enjoying engaging activities and social energy.,social
SPS SBS x GSBS: New York Red Bulls Panel & Game,2025-04-19 16:30:00,Sports Illustrated Stadium,False,"Join us for an event full of laughs, stories, and great company.",social
Weekly Breaking Practice,2025-04-19 18:00:00,Kimmel 606,False,"Be part of a special event that fosters learning, growth, and community.",lectures
Dangerbox April Show,2025-04-19 19:30:00,Kimmel Center Room 802,False,"Join us for an event full of laughs, stories, and great company.",social
Violet-Fit: Powerlifting Basics,2025-04-20 00:00:00,Palladium Athletic Facility - Performance Center,True,Discover tools and techniques to elevate your craft in a collaborative space.,workshops
Violet-Fit: Kettlebell Training,2025-04-20 00:00:00,Palladium Athletic Facility - Performance Center,True,"Be part of a special event that fosters learning, growth, and community.",lectures
Violet Fit: Open Training,2025-04-20 00:00:00,Palladium Athletic Facility - Performance Center,True,Take part in a gathering where ideas bloom and people connect meaningfully.,lectures
This exhibition features a new English translation of Note sur la suppression générale des partis politiques (1943) by French philosopher and activist Simone Weil,2025-04-20 00:00:00,"80 Washington Square East, NYC",True,Join an inspiring session that blends collaboration with purpose.,lectures
VioletFit: Intro to Weightlifting,2025-04-20 00:00:00,404 Fitness - Dance Studio,True,Show off your coding skills and team spirit in a fast-paced innovation marathon.,hackathons
Spring 25 Coffee Chats with BLS,2025-04-20 00:00:00,Peet’s Coffee - Kimmel Center,True,"An opportunity to explore, connect, and build something meaningful together.",tech
Politics Society E-Board Elections – Final Event of the Year,2025-04-20 00:00:00,Helen and Kimmel Center for University Life,True,Elevate your experience by participating in this uniquely engaging event.,lectures
NYWEA x CUE Earth Day Event,2025-04-20 00:00:00,Civil and Urban Engineering Department Pantry Area,True,Dive into hands-on learning and explore new ideas with expert guidance.,workshops
Intermediate Choreography Lessons,2025-04-20 00:00:00,Pearl Studios,True,Expand your network while enjoying engaging activities and social energy.,social
CBL Doodles; Tea and Joe’s Pizza,2025-04-20 00:00:00,GLOBAL CTR (Kimmel) - GC 361,True,"An opportunity to explore, connect, and build something meaningful together.",tech
Bridges Mentorship Program,2025-04-20 00:00:00,Kimmel Rm 375,True,Unwind and connect with peers in a friendly and laid-back environment.,social
Bridge and Spades Meeting & Eboard Election,2025-04-20 00:00:00,Kimmel 802 Shoren,True,Discover tools and techniques to elevate your craft in a collaborative space.,workshops
Spring 2025,2025-04-20 00:00:00,NYU Shanghai New Bund Campus,True,Make new friends and enjoy a relaxed atmosphere at this exciting event.,social
VioletFit: Intro to Weightlifting,2025-04-20 00:00:00,Palladium Athletic Facility,True,"Be part of a special event that fosters learning, growth, and community.",tech
ACF Nationals,2025-04-20 00:00:00,University of Maryland,True,Elevate your experience by participating in this uniquely engaging event.,lectures
AMC Virtual Diaper Drive,2025-04-20 00:00:00,Benefitting Little Essentials,True,Compete and collaborate to create something incredible in just 24 hours.,hackathons
Chapter Meeting,2025-04-20 04:00:00,Kimmel 905/907,False,Participate in an immersive experience designed to enhance your knowledge and skills.,workshops
Chapter Meeting,2025-04-20 04:00:00,Kimmel 905/907,False,"Be part of a special event that fosters learning, growth, and community.",tech
New York University Men’s Golf vs Farmingdale State College Spring Invitational - Round 2,2025-04-20 09:00:00,"Bethpage, NY",False,Join an inspiring session that blends collaboration with purpose.,tech
Buddhism Club Half Day Retreat,2025-04-20 10:00:00,Kimmel,False,"An opportunity to explore, connect, and build something meaningful together.",lectures
Buddhism Club Half Day Retreat,2025-04-20 10:00:00,Kimmel,False,Discover tools and techniques to elevate your craft in a collaborative space.,workshops
Discover NY: Intrepid Museum,2025-04-20 10:30:00,Intrepid Museum,False,Elevate your experience by participating in this uniquely engaging event.,tech
New York University Baseball at Case Western Reserve University,2025-04-20 11:00:00,"Cleveland, Ohio",False,"Be part of a special event that fosters learning, growth, and community.",tech
NYU aKDPhi Donut Fundraiser,2025-04-20 12:00:00,Between Bobst and KMEC,False,"Be part of a special event that fosters learning, growth, and community.",tech
NYU aKDPhi Donut Fundraiser,2025-04-20 12:00:00,Between Bobst and KMEC,False,Participate in an immersive experience designed to enhance your knowledge and skills.,workshops
Papotons en français!,2025-04-20 12:30:00,Washington Square Campus,False,Take part in a gathering where ideas bloom and people connect meaningfully.,tech
APO - Pledge Initiation,2025-04-20 13:30:00,GCASL 279,False,Participate in an immersive experience designed to enhance your knowledge and skills.,workshops
APO - Pledge Initiation,2025-04-20 13:30:00,GCASL 279,False,Participate in an immersive experience designed to enhance your knowledge and skills.,workshops
Cleftomaniacs - weekly rehearsal,2025-04-20 14:00:00,Kimmel 604,False,Discover tools and techniques to elevate your craft in a collaborative space.,workshops
OGS x Violet Diabolo Workshop,2025-04-20 14:00:00,Kimmel 606,False,Push your limits and create groundbreaking projects during this intense hackathon.,hackathons
Chinese Yo-yo Workshop,2025-04-20 14:00:00,Kimmel Center,False,Unwind and connect with peers in a friendly and laid-back environment.,social
OGS x Violet Diabolo Workshop,2025-04-20 14:00:00,Kimmel 606,False,Push your limits and create groundbreaking projects during this intense hackathon.,hackathons
Cleftomaniacs - weekly rehearsal,2025-04-20 14:00:00,Kimmel 604,False,"Build, break, and innovate with fellow tech enthusiasts in an energetic setting.",hackathons
Ethics Workshop Series,2025-04-20 16:00:00,Washington Square Campus,False,"Build, break, and innovate with fellow tech enthusiasts in an energetic setting.",hackathons
AFD Weekly Practice,2025-04-20 17:00:00,KC 606 DANCE,False,Engage in thoughtful sessions that challenge your thinking and boost creativity.,workshops
AFD Weekly Practice,2025-04-20 17:00:00,KC 606 DANCE,False,Join an inspiring session that blends collaboration with purpose.,tech
SIX The Musical,2025-04-20 19:00:00,TBD,False,Take part in a gathering where ideas bloom and people connect meaningfully.,tech
Bridge and Spades Meeting & Eboard Election,2025-04-21 00:00:00,Kimmel 802 Shoren,True,"Build, break, and innovate with fellow tech enthusiasts in an energetic setting.",hackathons
Bridges Mentorship Program,2025-04-21 00:00:00,Kimmel Rm 375,True,Work alongside brilliant minds to turn concepts into real-world tech solutions.,hackathons
CBL Doodles; Tea and Joe’s Pizza,2025-04-21 00:00:00,GLOBAL CTR (Kimmel) - GC 361,True,Discover tools and techniques to elevate your craft in a collaborative space.,workshops
Fall 2025 Registration Begins,2025-04-21 00:00:00,,True,Sharpen your abilities and learn from seasoned professionals in this dynamic workshop.,workshops
Graduate Portrait Sessions,2025-04-21 00:00:00,The Jeffrey S. Gould Welcome Center,True,Compete and collaborate to create something incredible in just 24 hours.,hackathons
Intermediate Choreography Lessons,2025-04-21 00:00:00,Pearl Studios,True,Discover tools and techniques to elevate your craft in a collaborative space.,workshops
AMC Virtual Diaper Drive,2025-04-21 00:00:00,,True,Make new friends and enjoy a relaxed atmosphere at this exciting event.,social
Politics Society E-Board Elections – Final Event of the Year,2025-04-21 00:00:00,Helen and Kimmel Center for University Life,True,"Join us for an event full of laughs, stories, and great company.",social
Spring 25 Coffee Chats with BLS,2025-04-21 00:00:00,Peet’s Coffee - Kimmel Center,True,"An opportunity to explore, connect, and build something meaningful together.",lectures
Exhibition on Simone Weil's Note sur la suppression générale des partis politiques,2025-04-21 00:00:00,"80 Washington Square East, NYC",True,Compete and collaborate to create something incredible in just 24 hours.,hackathons
Spring 2025,2025-04-21 00:00:00,NYU Shanghai New Bund Campus,True,Engage in thoughtful sessions that challenge your thinking and boost creativity.,workshops
NYWEA x CUE Earth Day Event,2025-04-21 00:00:00,Civil and Urban Engineering Department Pantry Area,True,Work alongside brilliant minds to turn concepts into real-world tech solutions.,hackathons
Violet Fit: Open Training,2025-04-21 00:00:00,Palladium Athletic Facility - Performance Center,True,Take part in a gathering where ideas bloom and people connect meaningfully.,tech
Guided Yoga for Desk Slouchers,2025-04-21 10:00:00,Palladium Performance Studio,False,Come together for a lively gathering filled with great conversations and memorable moments.,social
Zine-Making & Matcha,2025-04-21 11:00:00,Gallatin Student Lounge,False,Expand your network while enjoying engaging activities and social energy.,social
5-Minute Journaling Pop-Up,2025-04-21 11:30:00,Kimmel 4th Floor Study Space,False,Come together for a lively gathering filled with great conversations and memorable moments.,social
Free Therapy Dogs & Bubble Tea,2025-04-21 12:00:00,Kimmel Center Lobby,False,Come together for a lively gathering filled with great conversations and memorable moments.,social
SHRM Resume Workshop Series,2025-04-21 12:00:00,Online,False,"Be part of a special event that fosters learning, growth, and community.",tech
Spirit Week: Merch Pickup + Decorating,2025-04-21 12:00:00,Dibner Arcade (outside in the Commons),False,Unwind and connect with peers in a friendly and laid-back environment.,social
Quiet Walk + Audio Essay Experience,2025-04-21 12:00:00,Start at Washington Square Arch,False,"An opportunity to explore, connect, and build something meaningful together.",lectures
Climate Change Film Festival,2025-04-21 12:00:00,Kimmel Center for University Life,False,"Build, break, and innovate with fellow tech enthusiasts in an energetic setting.",hackathons
Papotons en français!,2025-04-21 12:30:00,Washington Square Campus,False,Work alongside brilliant minds to turn concepts into real-world tech solutions.,hackathons
Women in Consulting Panel,2025-04-21 12:30:00,UC-25,False,Push your limits and create groundbreaking projects during this intense hackathon.,hackathons
Study with Me: Café-Style Session,2025-04-21 13:00:00,Bobst 10th Floor Lounge,False,"Be part of a special event that fosters learning, growth, and community.",tech
Latinx Heritage Playlist & Pizza,2025-04-21 14:00:00,Center for Multicultural Education & Programs,False,"An opportunity to explore, connect, and build something meaningful together.",tech
Earth Day Tie-Dye + Snacks,2025-04-21 14:00:00,Kimmel Patio,False,Push your limits and create groundbreaking projects during this intense hackathon.,hackathons
Pitch Day 2025,2025-04-21 14:00:00,"Google HQ (76 9th Avenue New York, NY 10011)",False,Unwind and connect with peers in a friendly and laid-back environment.,social
Build-a-Terrarium Workshop,2025-04-21 15:00:00,Kimmel 8th Floor,False,"Join us for an event full of laughs, stories, and great company.",social
Board Games & Bao,2025-04-21 15:30:00,Global Center Lower Lounge,False,Sharpen your abilities and learn from seasoned professionals in this dynamic workshop.,workshops
Student Startup Demos + Pizza,2025-04-21 16:00:00,Leslie eLab,False,Engage in thoughtful sessions that challenge your thinking and boost creativity.,workshops
Ethics Workshop Series,2025-04-21 16:00:00,Washington Square Campus,False,"An opportunity to explore, connect, and build something meaningful together.",tech
Street Photography Walk,2025-04-21 16:30:00,Meet at Waverly Building Steps,False,"Be part of a special event that fosters learning, growth, and community.",lectures
Bob Ross Paint-Along,2025-04-21 17:00:00,Tisch Commons,False,"Be part of a special event that fosters learning, growth, and community.",tech
Queer Union - Clothing Swap,2025-04-21 17:00:00,Kimmel Center 405,False,Work alongside brilliant minds to turn concepts into real-world tech solutions.,hackathons
DFA x AUSA - Design Research Workshop,2025-04-21 17:30:00,5MTC Rm. 223,False,"An opportunity to explore, connect, and build something meaningful together.",tech
Sunset Sketching Session,2025-04-21 18:00:00,Washington Square Park,False,Discover tools and techniques to elevate your craft in a collaborative space.,workshops
Senior Week: Life Beyond the Square Resource Fair,2025-04-21 18:00:00,Kimmel Center for University Life,False,Elevate your experience by participating in this uniquely engaging event.,tech
Election Day,2025-04-21 18:00:00,,False,"Be part of a special event that fosters learning, growth, and community.",tech
Cultural Movie Night: Parasite + Dumplings,2025-04-21 19:00:00,Third North MPR,False,Show off your coding skills and team spirit in a fast-paced innovation marathon.,hackathons
NYU Improv Night,2025-04-21 19:30:00,Palladium Theater,False,Elevate your experience by participating in this uniquely engaging event.,lectures
"Mini Open Mic: Poetry, Songs, Rants",2025-04-21 20:00:00,NYU Spiritual Life Room,False,Compete and collaborate to create something incredible in just 24 hours.,hackathons
Silent Disco Study Break,2025-04-21 21:00:00,Kimmel Rooftop,False,"An opportunity to explore, connect, and build something meaningful together.",lectures
Midnight Waffle Bar,2025-04-21 23:00:00,Lipton Hall,False,Engage in thoughtful sessions that challenge your thinking and boost creativity.,workshops
Bridges Mentorship Program,2025-04-22 00:00:00,Kimmel Rm 375,True,Take part in a gathering where ideas bloom and people connect meaningfully.,lectures
CBL Doodles; Tea and Joe’s Pizza,2025-04-22 00:00:00,GLOBAL CTR (Kimmel) - GC 361,True,Discover tools and techniques to elevate your craft in a collaborative space.,workshops
Intermediate Choreography Lessons,2025-04-22 00:00:00,Pearl Studios,True,"An opportunity to explore, connect, and build something meaningful together.",tech
Queer Union - Clothing Swap,2025-04-22 00:00:00,Kimmel Center 405,True,Take part in a gathering where ideas bloom and people connect meaningfully.,tech
Spring 2025,2025-04-22 00:00:00,NYU Shanghai New Bund Campus,True,Join an inspiring session that blends collaboration with purpose.,tech
VioletFit: Intro to Weightlifting,2025-04-22 00:00:00,404 Fitness - Dance Studio,True,Show off your coding skills and team spirit in a fast-paced innovation marathon.,hackathons
AMC Virtual Diaper Drive,2025-04-22 00:00:00,,True,Make new friends and enjoy a relaxed atmosphere at this exciting event.,social
Bridge and Spades Meeting & Eboard Election,2025-04-22 00:00:00,Kimmel 802 Shoren,True,Discover tools and techniques to elevate your craft in a collaborative space.,workshops
NYWEA x CUE Earth Day Event,2025-04-22 00:00:00,Civil and Urban Engineering Department Pantry Area,True,Unwind and connect with peers in a friendly and laid-back environment.,social
William N. Rom Climate Change & Health Fellowship Presentation,2025-04-22 11:00:00,"708 Broadway, Room 801 | Online",False,Take part in a gathering where ideas bloom and people connect meaningfully.,tech
Earth Day Books & Bites,2025-04-22 11:00:00,NYU Changemaker Centre,False,Elevate your experience by participating in this uniquely engaging event.,tech
Pet Portrait Pop-Up at Indie Bookstore Day,2025-04-22 12:00:00,"Books Are Magic, Montague",False,Work alongside brilliant minds to turn concepts into real-world tech solutions.,hackathons
Papotons en français!,2025-04-22 12:30:00,Washington Square Campus,False,Take part in a gathering where ideas bloom and people connect meaningfully.,tech
Post-Easter Mixer,2025-04-22 16:00:00,Kimmel Center 909,False,Sharpen your abilities and learn from seasoned professionals in this dynamic workshop.,workshops
Ethics Workshop Series,2025-04-22 16:00:00,Washington Square Campus,False,"Build, break, and innovate with fellow tech enthusiasts in an energetic setting.",hackathons
Nail Night In,2025-04-22 16:00:00,5 mtc L223,False,"Be part of a special event that fosters learning, growth, and community.",lectures
Undergrad Consulting Recruiting 101,2025-04-22 16:00:00,2MTC Rm. 1054,False,Join an inspiring session that blends collaboration with purpose.,lectures
So What’s the Deal with DEI?,2025-04-22 16:00:00,"Student Event Space B - 274, 105 East 17th Street",False,Discover tools and techniques to elevate your craft in a collaborative space.,workshops
Decoding Hindustani Music: Art and Science,2025-04-22 16:30:00,19 Washington Square North,False,Elevate your experience by participating in this uniquely engaging event.,lectures
NSBE Elections,2025-04-22 17:30:00,370 Jay St. Rm. 1201,False,Expand your network while enjoying engaging activities and social energy.,social
DG Sisterhood name,2025-04-22 18:00:00,Kimmel CTR 904,False,Work alongside brilliant minds to turn concepts into real-world tech solutions.,hackathons
Keep Calm! Eat an Oblea,2025-04-22 18:00:00,Kimmel 903,False,Join an inspiring session that blends collaboration with purpose.,tech
The Human Rights Council: Between Law and Politics in a Changing International Environment,2025-04-22 18:00:00,,False,Show off your coding skills and team spirit in a fast-paced innovation marathon.,hackathons
Black Neurologists/Neurosurgeon Panel,2025-04-22 18:30:00,Meyer 636,False,Elevate your experience by participating in this uniquely engaging event.,lectures
BSHA E-Board Elections,2025-04-22 18:30:00,"Kimmel Center for University Life, Rm. 907",False,Make new friends and enjoy a relaxed atmosphere at this exciting event.,social
MktSoc Case Competition Finals,2025-04-22 18:30:00,KMEC 2-100,False,Join an inspiring session that blends collaboration with purpose.,tech
"""My Sweet Land"" Film Screening",2025-04-22 18:45:00,GCASL C95,False,"An opportunity to explore, connect, and build something meaningful together.",tech
Quiz Bowl Discord Practice,2025-04-22 19:00:00,Online,False,Sharpen your abilities and learn from seasoned professionals in this dynamic workshop.,workshops
DIY Thrift Exchange with Depop,2025-04-22 19:00:00,Kimmel Room 802,False,Expand your network while enjoying engaging activities and social energy.,social
WEEKLY GENERAL MEETING,2025-04-22 19:00:00,KC 905,False,Join an inspiring session that blends collaboration with purpose.,lectures
Tuesday Night Small Group,2025-04-22 19:00:00,3Stone Church,False,Push your limits and create groundbreaking projects during this intense hackathon.,hackathons
Election Information Session,2025-04-22 19:00:00,Online,False,Take part in a gathering where ideas bloom and people connect meaningfully.,tech
CAS General Assembly,2025-04-22 19:00:00,25 West 4th St 2nd floor,False,Sharpen your abilities and learn from seasoned professionals in this dynamic workshop.,workshops
Shruti General Meetings,2025-04-22 19:30:00,GCASL 379,False,Join an inspiring session that blends collaboration with purpose.,lectures
AMC Virtual Diaper Drive,2025-04-23 00:00:00,Virtual,True,Engage in thoughtful sessions that challenge your thinking and boost creativity.,workshops
Bridge and Spades Meeting & Eboard Election,2025-04-23 00:00:00,Kimmel 802 Shoren,True,Expand your network while enjoying engaging activities and social energy.,social
Intermediate Choreography Lessons,2025-04-23 00:00:00,Pearl Studios,True,"Build, break, and innovate with fellow tech enthusiasts in an energetic setting.",hackathons
NYWEA x CUE Earth Day Event,2025-04-23 00:00:00,Civil and Urban Engineering Department Pantry Area,True,Take part in a gathering where ideas bloom and people connect meaningfully.,tech
Spring 2025,2025-04-23 00:00:00,NYU Shanghai New Bund Campus,True,Compete and collaborate to create something incredible in just 24 hours.,hackathons
Bridges Mentorship Program,2025-04-23 00:00:00,Kimmel Rm 375,True,Take part in a gathering where ideas bloom and people connect meaningfully.,tech
Spring 25 Coffee Chats with BLS,2025-04-23 00:00:00,Peet’s Coffee - Kimmel Center,True,"An opportunity to explore, connect, and build something meaningful together.",lectures
Exhibition on Simone Weil,2025-04-23 00:00:00,"80 Washington Square East, NYC",True,Take part in a gathering where ideas bloom and people connect meaningfully.,tech
Violet Fit: Open Training,2025-04-23 00:00:00,Palladium Athletic Facility - Performance Center,True,Dive into hands-on learning and explore new ideas with expert guidance.,workshops
Violet-Fit: Kettlebell Training,2025-04-23 00:00:00,Palladium Athletic Facility - Performance Center,True,Come together for a lively gathering filled with great conversations and memorable moments.,social
Violet-Fit: Powerlifting Basics,2025-04-23 00:00:00,Palladium Athletic Facility - Performance Center,True,"Build, break, and innovate with fellow tech enthusiasts in an energetic setting.",hackathons
VioletFit: Intro to Weightlifting,2025-04-23 00:00:00,404 Fitness - Dance Studio,True,"Be part of a special event that fosters learning, growth, and community.",tech
SPS SCRIBE: Banned Book Drive,2025-04-23 00:00:00,Midtown Building (20 W 43rd St.) & SPS Building,True,"Join us for an event full of laughs, stories, and great company.",social
CBL Doodles; Tea and Joe’s Pizza,2025-04-23 00:00:00,GLOBAL CTR (Kimmel) - GC 361,True,"Build, break, and innovate with fellow tech enthusiasts in an energetic setting.",hackathons
Reset and Refresh with Amy Coombs,2025-04-23 09:30:00,"238 Thompson Street (GCASL), Room 461",False,"Join us for an event full of laughs, stories, and great company.",social
Reset and Refresh with Amy Coombs,2025-04-23 09:30:00,"238 Thompson Street (GCASL), Room 461",False,Elevate your experience by participating in this uniquely engaging event.,tech
Simone Weil: On the Abolition of All Political Parties,2025-04-23 10:00:00,80 Washington Square East Gallery,False,"Join us for an event full of laughs, stories, and great company.",social
Intro Lab Safety Training: Zoom,2025-04-23 10:00:00,Zoom,False,Join an inspiring session that blends collaboration with purpose.,lectures
Senior Portrait Day,2025-04-23 10:00:00,Kimmel 802,False,Join an inspiring session that blends collaboration with purpose.,lectures
"DPI 2025 BFA Senior Thesis Exhibition, Curated by Kalia Brooks",2025-04-23 10:00:00,"721 Broadway, Gulf Western Galleries in Tisch Lobby",False,Take part in a gathering where ideas bloom and people connect meaningfully.,tech
Introduction to Privacy Impact Assessments (PIAs) at NYU,2025-04-23 10:00:00,Zoom,False,"Join us for an event full of laughs, stories, and great company.",social
Multimedia Drop-in Sessions,2025-04-23 10:00:00,Virtual,False,Compete and collaborate to create something incredible in just 24 hours.,hackathons
Instructional Tech Drop-in Sessions,2025-04-23 11:00:00,Virtual,False,Come together for a lively gathering filled with great conversations and memorable moments.,social
Spring 2025 Plant Based Food Festival!,2025-04-23 11:00:00,Kimmel Center– Eisner and Lubin Auditorium (4th floor),False,Work alongside brilliant minds to turn concepts into real-world tech solutions.,hackathons
Plant Based Food Festival Spring 2025,2025-04-23 11:00:00,Kimmel Center for University Life,False,"Build, break, and innovate with fellow tech enthusiasts in an energetic setting.",hackathons
BFA Thesis Exhibition II: Timeless Theatrics,2025-04-23 11:00:00,"The Commons and Rosenberg Gallery, 34 Stuyvesant Street",False,Come together for a lively gathering filled with great conversations and memorable moments.,social
Spring 2025 Plant Based Food Festival!,2025-04-23 11:00:00,Kimmel Center-- Eisner and Lubin Auditorium (4th floor),False,Dive into hands-on learning and explore new ideas with expert guidance.,workshops
Data Drop-Ins: R,2025-04-23 12:00:00,"Bobst Library, 6th Floor, Rm. 617, Bobst Library",False,Join an inspiring session that blends collaboration with purpose.,lectures
Destress Before Finals,2025-04-23 12:00:00,StudentLink Center - Room C06,False,Join an inspiring session that blends collaboration with purpose.,lectures
Destress Before Finals,2025-04-23 12:00:00,StudentLink Center - Room C06,False,Engage in thoughtful sessions that challenge your thinking and boost creativity.,workshops
CMEP x A/PIDA Month: Cultural Snacks & Chat,2025-04-23 12:00:00,Kimmel Lobby,False,Join an inspiring session that blends collaboration with purpose.,lectures
Buyside Recruiting Workshop,2025-04-23 12:30:00,T-200,False,"Join us for an event full of laughs, stories, and great company.",social
Papotons en français!,2025-04-23 12:30:00,Washington Square Campus,False,Unwind and connect with peers in a friendly and laid-back environment.,social
Showcase: LARA x Kate Bartlett,2025-04-23 12:30:00,KMC 1-100 (Gardner Commons),False,Dive into hands-on learning and explore new ideas with expert guidance.,workshops
Deloitte Info Session,2025-04-23 12:30:00,LC-21,False,Engage in thoughtful sessions that challenge your thinking and boost creativity.,workshops
Showcase: LARA x Kate Bartlett,2025-04-23 12:30:00,KMC 1-100 (Gardner Commons),False,Unwind and connect with peers in a friendly and laid-back environment.,social
Project Management for Social Good - Kleinert Scholarship Symposium 2025,2025-04-23 12:30:00,NYU SPS Building,False,"Be part of a special event that fosters learning, growth, and community.",tech
Deloitte Info Session,2025-04-23 12:30:00,LC-21,False,Make new friends and enjoy a relaxed atmosphere at this exciting event.,social
Core + Restore with Jennifer Brilliant,2025-04-23 12:30:00,"238 Thompson Street (GCASL), Room 461",False,Compete and collaborate to create something incredible in just 24 hours.,hackathons
Core + Restore with Jennifer Brilliant,2025-04-23 12:30:00,"238 Thompson Street (GCASL), Room 461",False,Make new friends and enjoy a relaxed atmosphere at this exciting event.,social
Buyside Recruiting Workshop,2025-04-23 12:30:00,T-200,False,Elevate your experience by participating in this uniquely engaging event.,lectures
Volunteer Hour with NYU Service,2025-04-23 13:00:00,NYU Center for Student Life,False,Expand your network while enjoying engaging activities and social energy.,social
Lunchtime Research Conversation Series: Timing Surgery After Heart Procedures: Risks & Outcomes,2025-04-23 14:00:00,Kimmel 703,False,Elevate your experience by participating in this uniquely engaging event.,lectures
NYU Women in STEM Study Lounge,2025-04-23 14:00:00,Global Center for Academic and Spiritual Life,False,Expand your network while enjoying engaging activities and social energy.,social
SPS SREC: Panel Discussion with Robert Verrone,2025-04-23 14:00:00,Kimmel Center,False,"Be part of a special event that fosters learning, growth, and community.",tech
Brown Sugar Art Picnic,2025-04-23 15:00:00,Washington Square Park,False,Expand your network while enjoying engaging activities and social energy.,social
Design Thinking 101 Workshop,2025-04-23 16:00:00,Leslie eLab,False,Participate in an immersive experience designed to enhance your knowledge and skills.,workshops
Ethics Workshop Series,2025-04-23 16:00:00,Washington Square Campus,False,"Build, break, and innovate with fellow tech enthusiasts in an energetic setting.",hackathons
RADical Health,2025-04-23 16:00:00,STC 107,False,Elevate your experience by participating in this uniquely engaging event.,tech
PRINT3D 3D Modeling 101,2025-04-23 16:00:00,Kimmel Center for University Life,False,"An opportunity to explore, connect, and build something meaningful together.",tech
Tandon GSC Spirit Week :Paint n Sip and Free merch giveaway,2025-04-23 16:00:00,Makerspace FYOR,False,Dive into hands-on learning and explore new ideas with expert guidance.,workshops
mediaWorks_2025 Digital Showcase,2025-04-23 16:30:00,"239 Greene Street, 7th & 8th Floors",False,Engage in thoughtful sessions that challenge your thinking and boost creativity.,workshops
Discover Ekimetrics: Wasserman x NSBE x SHPE,2025-04-23 17:00:00,"Wunsch Building Rm. 211, 311 Bridge St.",False,Push your limits and create groundbreaking projects during this intense hackathon.,hackathons
Product Team Meeting,2025-04-23 17:00:00,Kimmel Center,False,Engage in thoughtful sessions that challenge your thinking and boost creativity.,workshops
BMI Check-in,2025-04-23 17:00:00,KIMMEL CENTER FOR UNIVERSITY LIFE - KIMMEL CTR 406,False,Come together for a lively gathering filled with great conversations and memorable moments.,social
Bridges Mentorship Weekly Meetup,2025-04-23 17:00:00,Kimmel Room 375,False,"An opportunity to explore, connect, and build something meaningful together.",lectures
Arts Committee Meeting,2025-04-23 17:30:00,Kimmel Room 211,False,Compete and collaborate to create something incredible in just 24 hours.,hackathons
PB Arts Meeting - Fashion Show Prep,2025-04-23 17:30:00,Kimmel Room 211,False,Unwind and connect with peers in a friendly and laid-back environment.,social
Art & Politics Talkback: Gallery Edition,2025-04-23 17:30:00,"80 Washington Square East, Ground Floor",False,"Build, break, and innovate with fellow tech enthusiasts in an energetic setting.",hackathons
General Meeting,2025-04-23 17:45:00,Leslie E-Lab,False,Work alongside brilliant minds to turn concepts into real-world tech solutions.,hackathons
NYU Pre-Veterinary Society Welcome name!,2025-04-23 18:00:00,Silver Center for Arts and Science,False,Join an inspiring session that blends collaboration with purpose.,lectures
WIBE Alumni Panel,2025-04-23 18:00:00,5MTC Rm 223.,False,Push your limits and create groundbreaking projects during this intense hackathon.,hackathons
NYU Hack Night: Final Projects Jam,2025-04-23 18:00:00,"CS Department Lounge, Warren Weaver Hall",False,Compete and collaborate to create something incredible in just 24 hours.,hackathons
Queer Union - Movie Night,2025-04-23 18:00:00,LGBTQ+ Center Lounge,False,Join an inspiring session that blends collaboration with purpose.,lectures
FemSoc Weekly Meeting,2025-04-23 18:00:00,GCastle 369,False,Join an inspiring session that blends collaboration with purpose.,tech
Lectures Committee Meeting,2025-04-23 18:00:00,"PB Lounge, Kimmel Center Room 211",False,Come together for a lively gathering filled with great conversations and memorable moments.,social
TASS Night Market,2025-04-23 18:00:00,NYU Global Center for Academic and Spiritual Life Grand Hall,False,Join an inspiring session that blends collaboration with purpose.,tech
Politics Society General Body Meeting,2025-04-23 18:00:00,Kimmel 804,False,Join an inspiring session that blends collaboration with purpose.,tech
ASME Senior Farewell,2025-04-23 18:00:00,370 Jay St. Rm. 1201,False,"An opportunity to explore, connect, and build something meaningful together.",lectures
Orevwa Chérie!,2025-04-23 18:30:00,Kimmel 905,False,Push your limits and create groundbreaking projects during this intense hackathon.,hackathons
Weekly Writers Meeting,2025-04-23 18:30:00,Kimmel Center - Room 904,False,Work alongside brilliant minds to turn concepts into real-world tech solutions.,hackathons
Finding Purpose,2025-04-23 18:30:00,Kimmel CTR 908,False,Engage in thoughtful sessions that challenge your thinking and boost creativity.,workshops
Wednesday Bible Study,2025-04-23 18:30:00,Neighborhood Church,False,Come together for a lively gathering filled with great conversations and memorable moments.,social
Content Creator Showcase,2025-04-23 18:30:00,Pless Hall,False,Discover tools and techniques to elevate your craft in a collaborative space.,workshops
Fireside Chat with Susan Sawyer,2025-04-23 18:30:00,"Kimmel Center, Room 907",False,Expand your network while enjoying engaging activities and social energy.,social
MDA Chapter Meeting,2025-04-23 18:30:00,Kimmel Center,False,Elevate your experience by participating in this uniquely engaging event.,lectures
Marketing and Media Committee Meeting,2025-04-23 18:30:00,PB Lounge,False,Elevate your experience by participating in this uniquely engaging event.,lectures
NYU Salsa Club: Beginner Night,2025-04-23 19:00:00,Palladium Dance Studio,False,Participate in an immersive experience designed to enhance your knowledge and skills.,workshops
ICC Elections for '25-26 Academic Year,2025-04-23 19:00:00,Online,False,Take part in a gathering where ideas bloom and people connect meaningfully.,tech
Generation Meditation Weekly Sits - Rejuvenate,2025-04-23 19:00:00,NYU's Global Center for Academic and Spiritual Life,False,Engage in thoughtful sessions that challenge your thinking and boost creativity.,workshops
Muslim Voices for Social Justice,2025-04-23 19:00:00,Kimmel Center,False,Discover tools and techniques to elevate your craft in a collaborative space.,workshops
English Conversation Group Meeting,2025-04-23 19:15:00,GCASL 361,False,Dive into hands-on learning and explore new ideas with expert guidance.,workshops
Spring Jazz Festival: Vocal Jazz Ensemble,2025-04-23 19:30:00,Frederick Loewe Theatre,False,"Join us for an event full of laughs, stories, and great company.",social
Cross-Examination Debate Association - General Meeting,2025-04-23 19:30:00,Global Center for Academic and Spiritual Life,False,Elevate your experience by participating in this uniquely engaging event.,lectures
Steinhardt Open Mic Night,2025-04-23 20:00:00,Pless Hall Basement,False,Work alongside brilliant minds to turn concepts into real-world tech solutions.,hackathons
